REX_Number,Product_Name,Product_Line,Sheen,Base
REX-4000,Industrial Coating Flat White,Industrial Coating,Flat,White
REX-4007,Industrial Coating Flat Neutral,Industrial Coating,Flat,Neutral
REX-4014,Primer Satin White,Primer,Satin,White
REX-4021,Primer Flat Neutral,Primer,Flat,Neutral
REX-4028,Industrial Coating Gloss Neutral,Industrial Coating,Gloss,Neutral
REX-4035,Stain Flat Deep,Stain,Flat,Deep
REX-4042,Exterior Enamel Eggshell Ultradeep,Exterior Enamel,Eggshell,Ultradeep
REX-4049,Interior Latex Flat Pastel,Interior Latex,Flat,Pastel
REX-4056,Interior Enamel Eggshell Neutral,Interior Enamel,Eggshell,Neutral
REX-4063,Primer Flat Pastel,Primer,Flat,Pastel
REX-4070,Primer Eggshell Neutral,Primer,Eggshell,Neutral
REX-4077,Industrial Coating Flat White,Industrial Coating,Flat,White
REX-4084,Exterior Latex Eggshell White,Exterior Latex,Eggshell,White
REX-4091,Interior Enamel Satin Ultradeep,Interior Enamel,Satin,Ultradeep
REX-4098,Interior Enamel Eggshell Deep,Interior Enamel,Eggshell,Deep
REX-4105,Industrial Coating Flat Neutral,Industrial Coating,Flat,Neutral
REX-4112,Exterior Latex Semi-Gloss Deep,Exterior Latex,Semi-Gloss,Deep
REX-4119,Industrial Coating Semi-Gloss Deep,Industrial Coating,Semi-Gloss,Deep
REX-4126,Interior Enamel Flat Deep,Interior Enamel,Flat,Deep
REX-4133,Interior Enamel Flat Deep,Interior Enamel,Flat,Deep
REX-4140,Industrial Coating Eggshell Deep,Industrial Coating,Eggshell,Deep
REX-4147,Exterior Enamel Matte Ultradeep,Exterior Enamel,Matte,Ultradeep
REX-4154,Exterior Latex Gloss Neutral,Exterior Latex,Gloss,Neutral
REX-4161,Primer Satin Ultradeep,Primer,Satin,Ultradeep
REX-4168,Exterior Latex Semi-Gloss Pastel,Exterior Latex,Semi-Gloss,Pastel
REX-4175,Exterior Latex Gloss Deep,Exterior Latex,Gloss,Deep
REX-4182,Exterior Enamel Semi-Gloss White,Exterior Enamel,Semi-Gloss,White
REX-4189,Primer Eggshell Neutral,Primer,Eggshell,Neutral
REX-4196,Industrial Coating Gloss White,Industrial Coating,Gloss,White
REX-4203,Stain Gloss Ultradeep,Stain,Gloss,Ultradeep
REX-4210,Interior Enamel Satin Deep,Interior Enamel,Satin,Deep
REX-4217,Interior Enamel Semi-Gloss Deep,Interior Enamel,Semi-Gloss,Deep
REX-4224,Interior Latex Gloss Ultradeep,Interior Latex,Gloss,Ultradeep
REX-4231,Exterior Latex Eggshell Deep,Exterior Latex,Eggshell,Deep
REX-4238,Stain Semi-Gloss White,Stain,Semi-Gloss,White
REX-4245,Interior Enamel Eggshell Deep,Interior Enamel,Eggshell,Deep
REX-4252,Exterior Latex Semi-Gloss White,Exterior Latex,Semi-Gloss,White
REX-4259,Stain Semi-Gloss Deep,Stain,Semi-Gloss,Deep
REX-4266,Industrial Coating Satin Neutral,Industrial Coating,Satin,Neutral
REX-4273,Exterior Enamel Matte Neutral,Exterior Enamel,Matte,Neutral
